feature,coefficient_valid_trade
hour,-0.7957779489540099
newyork_session,0.7814359589890809
london_session,0.36192630808226156
volatility_48,-0.3444712926838486
entry_to_stop_distance,0.3387146190242211
risk_reward_distance,0.3387146190242211
cab_range,-0.31444344574977334
return_6,0.2531054910341358
upper_wick_ratio,-0.24927601961283502
relative_volume,-0.24754983703828154
breakout_strength,-0.23231181964268371
volatility_12,-0.2131773817167542
return_12,-0.20639949469134047
bars_after_cab,-0.19544005719095744
relative_spread,0.1785596740121218
close_location,-0.17268407367218214
lower_wick_ratio,0.12840600838244023
direction_num,-0.12584642876690455
body_ratio,0.09940840684928483
scenario_id,-0.09478705397795822
cab_relative_volume,0.04970561547528854
had_opposite_sweep,-0.04001807504718626
day_of_week,-0.01865607448479724
return_3,0.00012256743015681047
