feature,importance
entry_to_stop_distance,0.1625
risk_reward_distance,0.1125
breakout_strength,0.0875
cab_relative_volume,0.0875
relative_spread,0.0625
volatility_48,0.0625
volatility_12,0.0625
cab_range,0.05
bars_after_cab,0.05
lower_wick_ratio,0.05
upper_wick_ratio,0.0375
return_3,0.0375
return_6,0.025
return_12,0.025
direction_num,0.0125
had_opposite_sweep,0.0125
body_ratio,0.0125
close_location,0.0125
relative_volume,0.0125
hour,0.0125
day_of_week,0.0125
london_session,0.0
scenario_id,0.0
newyork_session,0.0
