row,signal_time,model_probability,reconstructed_probability,absolute_error,top_supporting_feature,top_supporting_contribution,top_opposing_feature,top_opposing_contribution
0,2026-06-16 03:55:00,0.4016190137342043,0.4016190137342044,1.1102230246251565e-16,hour,0.9909172239535303,newyork_session,-0.4982486512171748
1,2026-06-17 21:40:00,0.05647635798515455,0.05647635798515455,0.0,newyork_session,1.22557714207443,volatility_12,-1.8635228461286604
2,2026-06-18 15:10:00,0.6668678599506014,0.6668678599506014,0.0,newyork_session,1.22557714207443,hour,-0.8521275818755898
3,2026-06-22 15:50:00,0.7898712499699453,0.7898712499699453,0.0,newyork_session,1.22557714207443,hour,-0.8521275818755898
4,2026-06-23 16:20:00,0.3639669200307972,0.3639669200307972,0.0,newyork_session,1.22557714207443,hour,-1.0057146490280167
5,2026-06-23 16:40:00,0.22689705356963072,0.22689705356963066,5.551115123125783e-17,newyork_session,1.22557714207443,hour,-1.0057146490280167
6,2026-06-23 18:05:00,0.4610009817848596,0.4610009817848596,0.0,newyork_session,1.22557714207443,hour,-1.31288878333287
7,2026-06-24 02:45:00,0.30891339510318977,0.30891339510318977,0.0,hour,1.1445042911059569,relative_volume,-0.5867814057349704
8,2026-06-24 09:15:00,0.4112356562157531,0.4112356562157531,0.0,london_session,0.31343737709715175,newyork_session,-0.4982486512171748
9,2026-06-24 14:50:00,0.6818265121432782,0.6818265121432782,0.0,newyork_session,1.22557714207443,hour,-0.6985405147231631
10,2026-06-25 03:10:00,0.3989759571386489,0.398975957138649,5.551115123125783e-17,hour,0.9909172239535303,newyork_session,-0.4982486512171748
11,2026-06-26 03:10:00,0.3482879586564428,0.34828795865644285,5.551115123125783e-17,hour,0.9909172239535303,newyork_session,-0.4982486512171748
12,2026-06-26 16:05:00,0.38936277440935524,0.38936277440935524,0.0,newyork_session,1.22557714207443,hour,-1.0057146490280167
13,2026-06-29 08:40:00,0.39245055419190905,0.39245055419190905,0.0,london_session,0.31343737709715175,newyork_session,-0.4982486512171748
14,2026-06-29 09:00:00,0.2906468855365688,0.29064688553656876,5.551115123125783e-17,london_session,0.31343737709715175,newyork_session,-0.4982486512171748
15,2026-06-30 16:15:00,0.3727925631423851,0.3727925631423851,0.0,newyork_session,1.22557714207443,hour,-1.0057146490280167
16,2026-07-01 10:55:00,0.21847920707875246,0.21847920707875246,0.0,london_session,0.31343737709715175,upper_wick_ratio,-0.5564055301801957
17,2026-07-02 09:15:00,0.5388300013610031,0.5388300013610031,0.0,london_session,0.31343737709715175,newyork_session,-0.4982486512171748
18,2026-07-02 14:40:00,0.6914430332899312,0.6914430332899312,0.0,newyork_session,1.22557714207443,hour,-0.6985405147231631
19,2026-07-03 09:00:00,0.5417773843077918,0.5417773843077918,0.0,london_session,0.31343737709715175,relative_volume,-0.5376823423480895
20,2026-07-03 11:00:00,0.185923372293647,0.185923372293647,0.0,london_session,0.31343737709715175,newyork_session,-0.4982486512171748
21,2026-07-06 10:40:00,0.30107501928540864,0.30107501928540864,0.0,london_session,0.31343737709715175,newyork_session,-0.4982486512171748
22,2026-07-07 11:10:00,0.21122331784408893,0.21122331784408893,0.0,london_session,0.31343737709715175,newyork_session,-0.4982486512171748
23,2026-07-08 04:45:00,0.2821854570146624,0.28218545701466247,5.551115123125783e-17,hour,0.8373301568011037,newyork_session,-0.4982486512171748
24,2026-07-08 10:35:00,0.557396462089305,0.557396462089305,0.0,london_session,0.31343737709715175,newyork_session,-0.4982486512171748
25,2026-07-09 03:50:00,0.531599586069439,0.531599586069439,0.0,hour,0.9909172239535303,newyork_session,-0.4982486512171748
26,2026-07-09 15:30:00,0.6235752864524491,0.6235752864524491,0.0,newyork_session,1.22557714207443,hour,-0.8521275818755898
27,2026-07-09 15:40:00,0.6439042247967268,0.6439042247967268,0.0,newyork_session,1.22557714207443,hour,-0.8521275818755898
28,2026-07-10 09:15:00,0.48395253378944286,0.48395253378944286,0.0,london_session,0.31343737709715175,newyork_session,-0.4982486512171748
29,2026-07-13 10:50:00,0.3372215479364286,0.3372215479364286,0.0,london_session,0.31343737709715175,newyork_session,-0.4982486512171748
30,2026-07-14 03:30:00,0.35803655442482135,0.35803655442482135,0.0,hour,0.9909172239535303,relative_volume,-0.7716744557902424
31,2026-07-14 10:55:00,0.4217087040364063,0.4217087040364063,0.0,london_session,0.31343737709715175,newyork_session,-0.4982486512171748
32,2026-07-16 03:45:00,0.41333009979648017,0.41333009979648017,0.0,hour,0.9909172239535303,newyork_session,-0.4982486512171748
33,2026-07-16 09:00:00,0.1892212331420625,0.18922123314206266,1.6653345369377348e-16,london_session,0.31343737709715175,relative_volume,-0.648328420084634
34,2026-07-16 14:30:00,0.7342897556126291,0.7342897556126291,0.0,newyork_session,1.22557714207443,hour,-0.6985405147231631
35,2026-07-16 15:20:00,0.5306178922729495,0.5306178922729494,1.1102230246251565e-16,newyork_session,1.22557714207443,hour,-0.8521275818755898
36,2026-07-20 11:10:00,0.17405984681538217,0.17405984681538217,0.0,london_session,0.31343737709715175,newyork_session,-0.4982486512171748
37,2026-07-21 14:00:00,0.7209667967680974,0.7209667967680974,0.0,newyork_session,1.22557714207443,hour,-0.6985405147231631
38,2026-07-22 09:25:00,0.5979640278377543,0.5979640278377544,1.1102230246251565e-16,relative_spread,0.4519172253333667,newyork_session,-0.4982486512171748
39,2026-07-22 15:45:00,0.7723152835243523,0.7723152835243523,0.0,newyork_session,1.22557714207443,hour,-0.8521275818755898
40,2026-07-23 04:35:00,0.5290722967715483,0.5290722967715483,0.0,hour,0.8373301568011037,newyork_session,-0.4982486512171748
41,2026-07-23 10:35:00,0.3974083140801064,0.3974083140801064,0.0,return_12,0.3258451367539673,breakout_strength,-1.1675640694071945
42,2026-07-24 09:15:00,0.3509996600133329,0.3509996600133329,0.0,lower_wick_ratio,0.3551931374886667,newyork_session,-0.4982486512171748
43,2026-07-27 08:55:00,0.4904950026061867,0.4904950026061867,0.0,london_session,0.31343737709715175,newyork_session,-0.4982486512171748
44,2026-07-27 10:55:00,0.49536731584221855,0.49536731584221844,1.1102230246251565e-16,london_session,0.31343737709715175,newyork_session,-0.4982486512171748
45,2026-07-29 03:15:00,0.3441101987271734,0.3441101987271734,0.0,hour,0.9909172239535303,newyork_session,-0.4982486512171748
46,2026-07-29 05:20:00,0.23745967232823015,0.23745967232823015,0.0,hour,0.6837430896486769,newyork_session,-0.4982486512171748
47,2026-07-31 09:05:00,0.38699636496508405,0.38699636496508405,0.0,london_session,0.31343737709715175,newyork_session,-0.4982486512171748
48,2026-07-31 16:20:00,0.32524154630225105,0.32524154630225105,0.0,newyork_session,1.22557714207443,hour,-1.0057146490280167
49,2026-07-31 18:50:00,0.3137023940298517,0.3137023940298516,1.1102230246251565e-16,newyork_session,1.22557714207443,hour,-1.31288878333287
50,2026-08-03 08:40:00,0.526322868662203,0.526322868662203,0.0,london_session,0.31343737709715175,newyork_session,-0.4982486512171748
51,2026-08-03 15:10:00,0.752987169122244,0.7529871691222438,1.1102230246251565e-16,newyork_session,1.22557714207443,hour,-0.8521275818755898
52,2026-08-04 03:55:00,0.612674277141204,0.612674277141204,0.0,hour,0.9909172239535303,newyork_session,-0.4982486512171748
53,2026-08-04 15:30:00,0.5680253101333429,0.5680253101333429,0.0,newyork_session,1.22557714207443,hour,-0.8521275818755898
54,2026-08-06 12:40:00,0.49495318526199417,0.49495318526199406,1.1102230246251565e-16,london_session,0.31343737709715175,newyork_session,-0.4982486512171748
55,2026-08-06 16:40:00,0.2816157953345662,0.28161579533456615,5.551115123125783e-17,newyork_session,1.22557714207443,hour,-1.0057146490280167
56,2026-08-06 22:50:00,0.02527301350575539,0.02527301350575539,0.0,relative_spread,0.5476902872211876,hour,-1.9272370519425766
57,2026-08-07 03:10:00,0.5981675320665834,0.5981675320665832,1.1102230246251565e-16,hour,0.9909172239535303,relative_volume,-0.6229230359520612
58,2026-08-10 02:55:00,0.4937613602837875,0.4937613602837875,0.0,hour,1.1445042911059569,newyork_session,-0.4982486512171748
59,2026-08-11 18:30:00,0.40717432313953583,0.40717432313953583,0.0,newyork_session,1.22557714207443,hour,-1.31288878333287
60,2026-08-12 02:15:00,0.4961220413080012,0.4961220413080012,0.0,hour,1.1445042911059569,newyork_session,-0.4982486512171748
61,2026-08-12 09:45:00,0.34401526357077733,0.3440152635707774,5.551115123125783e-17,london_session,0.31343737709715175,newyork_session,-0.4982486512171748
62,2026-08-12 13:45:00,0.7866460315590719,0.7866460315590719,0.0,newyork_session,1.22557714207443,hour,-0.5449534475707365
63,2026-08-14 08:45:00,0.5098149711003996,0.5098149711003996,0.0,london_session,0.31343737709715175,newyork_session,-0.4982486512171748
64,2026-08-17 03:10:00,0.928325921144205,0.928325921144205,0.0,entry_to_stop_distance,1.3593686354801777,newyork_session,-0.4982486512171748
